Model,BLEU,CHRF,TER
GRU-Base,0.1932779485541917,11.75209096221359,97.45826065287815
GRU-Aug,0.2488178143585738,10.747464671107224,99.00323947171692
GRU-Aug-CBK,0.1756637521965308,12.441918742701722,100.62297533017693
